Workbook
Name Artikel_Nr.: Artikel!$A$2:$A$10

Sheet Vorlage
A8: Ausstattung und Beratung für das Büro
A11: Duisdorfer BüroKonzept KG  Rochusstraße 30  53123 Bonn
A14: Neuhoff KG
A15: RaumDesign
A16: Brunnenstraße 3
A17: 38700 Hannover
A22: Ihr Zeichen | B22: Ihre Bestellung vom | C22: Unser Zeichen | D22: Telefon | F22: Name | H22: Datum
C23: VK Br | D23: 0228 98765-17 | F23: Frank Bremer | H23: =TODAY() -> 45512
A26: Rechnung
A30: Kunden-Nr.: | C30: 2401
A31: Rechnungs-Nr.: | C31: 50215
A32: Lieferschein-Nr.:
A33: Versanddatum:
A38: Pos. | B38: Artikel-Nr. | C38: Artikel-Bezeichnung | D38: Menge | E38: Einzelpreis € | F38: Rabatt in % | G38: Rabattbetrag € | H38: Gesamtpreis €
A39: 1 | B39: 101111 | C39: Schreibtisch Ökostar | D39: 10 | E39: 489
A40: 2 | B40: 101114 | C40: Konferenztischelement lichtgrau | D40: 25 | E40: 98
A41: 3 | B41: 202111 | C41: Bürostuhl Comfort | D41: 20 | E41: 228
A42: 4 | B42: 202114 | C42: Bürosessel Tenno | D42: 15 | E42: 349
F55: Nettobetrag €
F56: 19
F57: Rechnungsbetrag | G57: €
A60: Amtsgericht Bonn HRA 1221 | F60: Geschäftsführerung:
A61: USt Id: DE 244 111 855 | F61: Sebastian Falo
F62: Katharina Niester

Sheet 01
A8: Ausstattung und Beratung für das Büro
A9: Ausschnitt aus der Tabelle Rechnungsformular
A11: Duisdorfer BüroKonzept KG  Rochusstraße 30  53123 Bonn
A14: Neuhoff KG
A15: RaumDesign
A16: Brunnenstraße 3
A17: 38700 Hannover
A22: Ihr Zeichen | B22: Ihre Bestellung vom | C22: Unser Zeichen | D22: Telefon | F22: Name | H22: Datum
C23: VK Br | D23: 0228 98765-17 | F23: Frank Bremer | H23: 27.06.20..
A26: Rechnung
A30: Kunden-Nr.: | C30: 2401
A31: Rechnungs-Nr.: | C31: 50215
A32: Lieferschein-Nr.:
A33: Versanddatum:
A38: Pos. | B38: Artikel-Nr. | C38: Artikel-Bezeichnung | D38: Menge | E38: Einzelpreis € | F38: Rabatt in % | G38: Rabattbetrag € | H38: Gesamtpreis €
A39: 1 | B39: 101111 | C39: Schreibtisch Ökostar | D39: 10 | E39: 489 | F39: 10 | G39: =D39*E39*F39/100 -> 489 | H39: =D39*E39-G39 -> 4401
A40: 2 | B40: 101114 | C40: Konferenztischelement lichtgrau | D40: 25 | E40: 98 | F40: 15 | G40: =D40*E40*F40/100 -> 367.5 | H40: =D40*E40-G40 -> 2082.5
A41: 3 | B41: 202111 | C41: Bürostuhl Comfort | D41: 20 | E41: 228 | F41: 15 | G41: =D41*E41*F41/100 -> 684 | H41: =D41*E41-G41 -> 3876
A42: 4 | B42: 202114 | C42: Bürosessel Tenno | D42: 15 | E42: 349 | F42: 10 | G42: =D42*E42*F42/100 -> 523.5 | H42: =D42*E42-G42 -> 4711.5
F55: Nettobetrag € | H55: =SUM(H39:H54) -> 15071
F56: 19 | H56: =H55*F56/100 -> 2863.49
F57: Rechnungsbetrag | G57: € | H57: =H55+H56 -> 17934.49
A60: Amtsgericht Bonn HRA 1221 | F60: Geschäftsführerung:
A61: USt Id: DE 244 111 855 | F61: Sebastian Falo
F62: Katharina Niester

Sheet 05
A8: Ausstattung und Beratung für das Büro
A9: Ausschnitt aus der Tabelle Rechnungsformular
A11: Duisdorfer BüroKonzept KG  Rochusstraße 30  53123 Bonn
A14: Neuhoff KG
A15: RaumDesign
A16: Brunnenstraße 3
A17: 38700 Hannover
A22: Ihr Zeichen | B22: Ihre Bestellung vom | C22: Unser Zeichen | D22: Telefon | F22: Name | H22: Datum
C23: VK Br | D23: 0228 98765-17 | F23: Frank Bremer | H23: 27.06.20..
A26: Rechnung
A30: Kunden-Nr.: | C30: 2401
A31: Rechnungs-Nr.: | C31: 50215
A32: Lieferschein-Nr.:
A33: Versanddatum:
A38: Pos. | B38: Artikel-Nr. | C38: Artikel-Bezeichnung | D38: Menge | E38: Einzelpreis € | F38: Rabatt in % | G38: Rabattbetrag € | H38: Gesamtpreis €
A39: 1 | B39: 101112 | C39: =VLOOKUP(B39,Artikel!$A$2:$C$10,2,FALSE) -> Schreibtisch Ahorn | D39: 10 | E39: =VLOOKUP(B39,Artikel!$A$2:$C$10,3,FALSE) -> 519 | F39: 10 | G39: =D39*E39*F39/100 -> 519 | H39: =D39*E39-G39 -> 4671
A40: 2 | B40: 101114 | C40: =VLOOKUP(B40,Artikel!$A$2:$C$10,2,FALSE) -> Konferenztischelement lichtgrau | D40: 25 | E40: =VLOOKUP(B40,Artikel!$A$2:$C$10,3,FALSE) -> 98 | F40: 15 | G40: =D40*E40*F40/100 -> 367.5 | H40: =D40*E40-G40 -> 2082.5
A41: 3 | B41: 202111 | C41: =VLOOKUP(B41,Artikel!$A$2:$C$10,2,FALSE) -> Bürostuhl Comfort | D41: 20 | E41: =VLOOKUP(B41,Artikel!$A$2:$C$10,3,FALSE) -> 228 | F41: 15 | G41: =D41*E41*F41/100 -> 684 | H41: =D41*E41-G41 -> 3876
A42: 4 | B42: 202114 | C42: =VLOOKUP(B42,Artikel!$A$2:$C$10,2,FALSE) -> Bürosessel Tenno | D42: 15 | E42: =VLOOKUP(B42,Artikel!$A$2:$C$10,3,FALSE) -> 349 | F42: 10 | G42: =D42*E42*F42/100 -> 523.5 | H42: =D42*E42-G42 -> 4711.5
F55: Nettobetrag € | H55: =SUM(H39:H54) -> 15341
F56: 19 | H56: =H55*F56/100 -> 2914.79
F57: Rechnungsbetrag | G57: € | H57: =H55+H56 -> 18255.79
A60: Amtsgericht Bonn HRA 1221 | F60: Geschäftsführerung:
A61: USt Id: DE 244 111 855 | F61: Sebastian Falo
F62: Katharina Niester

Sheet Artikel
A1: Artikel-Nr. | B1: Artikelbezeichnung | C1: Einzelpreis
A2: 101111 | B2: Schreibtisch Ökostar | C2: 489
A3: 101112 | B3: Schreibtisch Ahorn | C3: 519
A4: 101113 | B4: Schreibtisch weiß C-Füße | C4: 219
A5: 101114 | B5: Konferenztischelement lichtgrau | C5: 98
A6: 101115 | B6: Mehrzwecktisch oval lichtgrau | C6: 579
A7: 202111 | B7: Bürostuhl Comfort | C7: 228
A8: 202112 | B8: Bandscheiben-Drehstuhl extra | C8: 299
A9: 202113 | B9: Chefsessel Bonn Maxx | C9: 399
A10: 202114 | B10: Bürosessel Tenno | C10: 349
